feature,logFC,AveExpr,t,P.Value,adj.P.Val,B,adjP_fmt,P_fmt
k__Bacteria|p__Firmicutes|c__Clostridia|o__Clostridiales|f__Lachnospiraceae|g__Lachnoclostridium|s__Lachnoclostridium_sp_An131,0.00395389928303476,-0.00786938422324839,9.41372245444538,1.96217973585527e-19,4.51301339246712e-17,32.022352442582,<1e-16,<1e-16
k__Bacteria|p__Bacteroidetes|c__Bacteroidia|o__Bacteroidales|f__Porphyromonadaceae|g__Porphyromonas|s__Porphyromonas_asaccharolytica,0.0159439050041554,-0.00754540757503795,7.7244418641005,6.54623847656103e-14,7.52817424804519e-12,19.4489732117933,7.53e-12,6.55e-14
k__Bacteria|p__Firmicutes|c__Clostridia|o__Clostridiales|f__Ruminococcaceae|g__Ruthenibacterium|s__Ruthenibacterium_lactatiformans,0.183777692400903,0.0159271006703536,6.83952912318217,2.41292974477368e-11,1.84991280432649e-09,13.6343262497391,1.85e-09,2.41e-11
k__Bacteria|p__Firmicutes|c__Negativicutes|o__Veillonellales|f__Veillonellaceae|g__Megasphaera|s__Megasphaera_sp_DISK_18,0.0107619449503896,-0.00732228921248531,5.63686841173566,2.94930145560493e-08,1.69584833697284e-06,6.68346751057729,1.70e-06,2.95e-08
k__Bacteria|p__Firmicutes|c__Erysipelotrichia|o__Erysipelotrichales|f__Erysipelotrichaceae|g__Coprobacillus|s__Coprobacillus_cateniformis,0.00918673888040856,-0.00753166678537781,3.93507445415031,9.53862791712614e-05,0.00438776884187802,-1.09585291582526,4.39e-03,9.54e-05
k__Bacteria|p__Firmicutes|c__Clostridia|o__Clostridiales|f__Eubacteriaceae|g__Eubacterium|s__Eubacterium_sp_CAG_251,0.0157777070528947,-0.00646293790725652,3.68319722477805,0.00025636402124412,0.0098272874810246,-2.02894553463072,9.83e-03,2.56e-04
k__Bacteria|p__Bacteroidetes|c__Bacteroidia|o__Bacteroidales|f__Bacteroidaceae|g__Bacteroides|s__Bacteroides_salyersiae,0.0177317080097073,-0.00432376498252555,3.01172367597808,0.00273395399620041,0.0898299170180135,-4.22917080201752,8.98e-02,2.73e-03
k__Bacteria|p__Bacteroidetes|c__Bacteroidia|o__Bacteroidales|f__Bacteroidaceae|g__Bacteroides|s__Bacteroides_caccae,0.0667429415678764,0.0123966653394488,2.93769780111607,0.00346474598266097,0.0996114470015029,-4.44580329213189,9.96e-02,3.46e-03
k__Bacteria|p__Firmicutes|c__Clostridia|o__Clostridiales|f__Lachnospiraceae|g__Roseburia|s__Roseburia_inulinivorans,0.0197370649552086,-0.00227153148031475,2.86795997804239,0.00431211956434821,0.110198611088899,-4.64512691608336,1.10e-01,4.31e-03
k__Bacteria|p__Firmicutes|c__Negativicutes|o__Acidaminococcales|f__Acidaminococcaceae|g__Phascolarctobacterium|s__Phascolarctobacterium_succinatutens,0.00957009493816259,-0.00630002119056553,2.2317050300595,0.0260927191888041,0.600132541342495,-6.24848421846739,6.00e-01,2.61e-02
k__Bacteria|p__Firmicutes|c__Clostridia|o__Clostridiales|f__Lachnospiraceae|g__Lachnoclostridium|s__Clostridium_lavalense,0.00324957064664526,-0.00710022987901303,1.9283239385159,0.0544009780508295,0.973398620625947,-6.87502032954879,9.73e-01,5.44e-02
k__Bacteria|p__Firmicutes|c__Clostridia|o__Clostridiales|f__Lachnospiraceae|g__Eisenbergiella|s__Eisenbergiella_massiliensis,0.00993121402257921,-0.00491872565013671,1.89719983519049,0.0583980940029667,0.973398620625947,-6.93421261299276,9.73e-01,5.84e-02
k__Bacteria|p__Firmicutes|c__Clostridia|o__Clostridiales|f__Ruminococcaceae|g__Flavonifractor|s__Flavonifractor_plautii,0.0243098465512549,0.00920360656008071,1.70832626316805,0.0882186799449213,0.973398620625947,-7.27303700994751,9.73e-01,8.82e-02
k__Bacteria|p__Bacteroidetes|c__Bacteroidia|o__Bacteroidales|f__Bacteroidaceae|g__Bacteroides|s__Bacteroides_massiliensis,0.00858041611366633,-0.0044785707091282,1.67175818571083,0.0952200568365137,0.973398620625947,-7.33458646302924,9.73e-01,9.52e-02
k__Bacteria|p__Firmicutes|c__Clostridia|o__Clostridiales|f__Ruminococcaceae|g__Anaerotruncus|s__Anaerotruncus_colihominis,0.0025143796525506,-0.00668423681734101,1.66962262935059,0.0956423530209173,0.973398620625947,-7.33814023872975,9.73e-01,9.56e-02
k__Bacteria|p__Bacteroidetes|c__Bacteroidia|o__Bacteroidales|f__Tannerellaceae|g__Parabacteroides|s__Parabacteroides_merdae,0.0200958622972604,0.0108557889642045,1.53968719535971,0.124291845950277,0.973398620625947,-7.54590986684305,9.73e-01,1.24e-01
k__Bacteria|p__Actinobacteria|c__Coriobacteriia|o__Eggerthellales|f__Eggerthellaceae|g__Slackia|s__Slackia_isoflavoniconvertens,0.00307012178737669,-0.00709484009037777,1.45474693622608,0.146389257996572,0.973398620625947,-7.67272518651462,9.73e-01,1.46e-01
k__Bacteria|p__Firmicutes|c__Bacilli|o__Lactobacillales|f__Enterococcaceae|g__Enterococcus|s__Enterococcus_faecalis,0.00337672231071632,-0.00734212102961514,1.40928460343868,0.159394897597217,0.973398620625947,-7.73767010047832,9.73e-01,1.59e-01
k__Bacteria|p__Bacteroidetes|c__Bacteroidia|o__Bacteroidales|f__Bacteroidaceae|g__Bacteroides|s__Bacteroides_uniformis,-0.0974937484645796,0.13136780916584,-1.31266270154843,0.189920364903851,0.973398620625947,-7.86890433658915,9.73e-01,1.90e-01
k__Bacteria|p__Firmicutes|c__Clostridia|o__Clostridiales|f__Oscillospiraceae|g__Oscillibacter|s__Oscillibacter_sp_CAG_241,0.0223007418124407,0.00211249651334213,1.30683178198615,0.191892061339175,0.973398620625947,-7.87652813018242,9.73e-01,1.92e-01
k__Bacteria|p__Actinobacteria|c__Coriobacteriia|o__Coriobacteriales|f__Coriobacteriaceae|g__Collinsella|s__Collinsella_aerofaciens,0.0529715601899207,0.0584649831115594,1.03221714134628,0.302487274308072,0.973398620625947,-8.19735785221953,9.73e-01,3.02e-01
k__Archaea|p__Euryarchaeota|c__Methanobacteria|o__Methanobacteriales|f__Methanobacteriaceae|g__Methanobrevibacter|s__Methanobrevibacter_smithii,0.0139300089702672,0.00130684857019843,1.02242943900281,0.307089799923524,0.973398620625947,-8.20740925648759,9.73e-01,3.07e-01
k__Bacteria|p__Bacteroidetes|c__Bacteroidia|o__Bacteroidales|f__Barnesiellaceae|g__Barnesiella|s__Barnesiella_intestinihominis,0.0133059770040294,0.00330135430899209,1.02106858672867,0.30773338559214,0.973398620625947,-8.20879922301225,9.73e-01,3.08e-01
k__Bacteria|p__Bacteroidetes|c__Bacteroidia|o__Bacteroidales|f__Barnesiellaceae|g__Coprobacter|s__Coprobacter_fastidiosus,0.00176922607027955,-0.00734838989855362,1.00127625427386,0.317194911670565,0.973398620625947,-8.22880661792942,9.73e-01,3.17e-01
k__Bacteria|p__Firmicutes|c__Bacilli|o__Lactobacillales|f__Lactobacillaceae|g__Lactobacillus|s__Lactobacillus_fermentum,0.00545435363629042,-0.00565903557924247,0.925799138765078,0.355012974370182,0.973398620625947,-8.30152356662569,9.73e-01,3.55e-01
k__Bacteria|p__Verrucomicrobia|c__Verrucomicrobiae|o__Verrucomicrobiales|f__Akkermansiaceae|g__Akkermansia|s__Akkermansia_muciniphila,-0.0454435080574526,0.0363389158165805,-0.896299711063033,0.370539462157566,0.973398620625947,-8.32840154725487,9.73e-01,3.71e-01
k__Bacteria|p__Bacteroidetes|c__Bacteroidia|o__Bacteroidales|f__Odoribacteraceae|g__Odoribacter|s__Odoribacter_splanchnicus,0.00471987164469876,-0.00114623878178813,0.879804215159234,0.379403152323213,0.973398620625947,-8.3430530498986,9.73e-01,3.79e-01
k__Bacteria|p__Firmicutes|c__Clostridia|o__Clostridiales|f__Eubacteriaceae|g__Eubacterium|s__Eubacterium_hallii,0.0118379110291959,0.00618348112136268,0.8695499542086,0.384978552274694,0.973398620625947,-8.35202427485006,9.73e-01,3.85e-01
k__Bacteria|p__Actinobacteria|c__Actinobacteria|o__Bifidobacteriales|f__Bifidobacteriaceae|g__Bifidobacterium|s__Bifidobacterium_adolescentis,0.045813161463409,0.0281719595998367,0.839776726212078,0.401449298154114,0.973398620625947,-8.37747801198059,9.73e-01,4.01e-01
k__Bacteria|p__Bacteroidetes|c__Bacteroidia|o__Bacteroidales|f__Tannerellaceae|g__Parabacteroides|s__Parabacteroides_distasonis,-0.0264355800325601,0.0355043282617566,-0.814718792759136,0.415635043456535,0.973398620625947,-8.39821534487239,9.73e-01,4.16e-01
k__Bacteria|p__Bacteroidetes|c__Bacteroidia|o__Bacteroidales|f__Bacteroidaceae|g__Bacteroides|s__Bacteroides_dorei,-0.0331452511854808,0.0270377569809221,-0.810836542073534,0.417859124578652,0.973398620625947,-8.40137215782122,9.73e-01,4.18e-01
k__Bacteria|p__Proteobacteria|c__Deltaproteobacteria|o__Desulfovibrionales|f__Desulfovibrionaceae|g__Bilophila|s__Bilophila_wadsworthia,-0.00111186967474388,-0.00620244619667767,-0.801940490952781,0.422981977933579,0.973398620625947,-8.40854918182949,9.73e-01,4.23e-01
k__Bacteria|p__Actinobacteria|c__Actinobacteria|o__Micrococcales|f__Micrococcaceae|g__Rothia|s__Rothia_dentocariosa,0.000227459238490883,-0.00790892111622257,0.791717842187627,0.428914075747654,0.973398620625947,-8.41669894941955,9.73e-01,4.29e-01
k__Bacteria|p__Firmicutes|c__Clostridia|o__Clostridiales|f__Lachnospiraceae|g__Dorea|s__Dorea_sp_CAG_317,-0.00765998124264082,0.000357670468245744,-0.745229052770094,0.456495947714669,0.973398620625947,-8.45244541408057,9.73e-01,4.56e-01
k__Bacteria|p__Firmicutes|c__Clostridia|o__Clostridiales|f__Clostridiaceae|g__Clostridium|s__Clostridium_bolteae_CAG_59,0.00154312745093884,-0.00740158688411377,0.742000341903739,0.458447993420365,0.973398620625947,-8.45484793612927,9.73e-01,4.58e-01
k__Bacteria|p__Firmicutes|c__Clostridia|o__Clostridiales|f__Lachnospiraceae|g__Eisenbergiella|s__Eisenbergiella_tayi,0.0069831722762995,-0.00455178110811806,0.739054853758253,0.460232893655579,0.973398620625947,-8.45703063039822,9.73e-01,4.60e-01
k__Bacteria|p__Firmicutes|c__Clostridia|o__Clostridiales|f__Clostridiaceae|g__Clostridium|s__Clostridium_sp_CAG_242,0.00133020763636542,-0.00722105334673566,0.71150637704249,0.477114180662275,0.973398620625947,-8.47702547172004,9.73e-01,4.77e-01
k__Bacteria|p__Firmicutes|c__Clostridia|o__Clostridiales|f__Ruminococcaceae|g__Agathobaculum|s__Agathobaculum_butyriciproducens,-0.00308489043853417,-0.00311782990392689,-0.700369736744162,0.484033843959336,0.973398620625947,-8.48489339503702,9.73e-01,4.84e-01
k__Bacteria|p__Bacteroidetes|c__Bacteroidia|o__Bacteroidales|f__Rikenellaceae|g__Alistipes|s__Alistipes_indistinctus,-0.00282332192662141,-0.00514003779441453,-0.681037609740258,0.496174248048813,0.973398620625947,-8.49825719012655,9.73e-01,4.96e-01
k__Bacteria|p__Firmicutes|c__Bacilli|o__Lactobacillales|f__Lactobacillaceae|g__Lactobacillus|s__Lactobacillus_oris,0.00141118014649428,-0.00750393880828513,0.671404084527488,0.502284300597704,0.973398620625947,-8.50477722708748,9.73e-01,5.02e-01
k__Bacteria|p__Firmicutes|c__Clostridia|o__Clostridiales|f__Ruminococcaceae|g__Ruminococcus|s__Ruminococcus_bicirculans,-0.0133863837690329,0.00503975849276757,-0.66986968948446,0.503261161542939,0.973398620625947,-8.50580715699581,9.73e-01,5.03e-01
k__Bacteria|p__Bacteroidetes|c__Bacteroidia|o__Bacteroidales|f__Bacteroidaceae|g__Bacteroides|s__Bacteroides_thetaiotaomicron,-0.0150312856158374,0.0133155629314221,-0.662827018904384,0.507757706545915,0.973398620625947,-8.5105042255034,9.73e-01,5.08e-01
k__Bacteria|p__Bacteroidetes|c__Bacteroidia|o__Bacteroidales|f__Bacteroidaceae|g__Bacteroides|s__Bacteroides_ovatus,-0.0140595953329721,0.0122106587945237,-0.656639673426976,0.511725536728036,0.973398620625947,-8.51458994814881,9.73e-01,5.12e-01
k__Bacteria|p__Firmicutes|c__Clostridia|o__Clostridiales|f__Clostridiales_unclassified|g__Monoglobus|s__Monoglobus_pectinilyticus,-0.00446564473217432,-0.003943010974171,-0.651313157333928,0.51515429015293,0.973398620625947,-8.51807659700803,9.73e-01,5.15e-01
k__Bacteria|p__Firmicutes|c__Clostridia|o__Clostridiales|f__Lachnospiraceae|g__Dorea|s__Dorea_longicatena,0.00838556363922913,0.00673855719656503,0.645831314692557,0.518695485790761,0.973398620625947,-8.52163531954584,9.73e-01,5.19e-01
k__Bacteria|p__Firmicutes|c__Clostridia|o__Clostridiales|f__Oscillospiraceae|g__Oscillibacter|s__Oscillibacter_sp_57_20,-0.0078776098601328,0.00255591769243806,-0.639985628452758,0.522485571931528,0.973398620625947,-8.5253971605527,9.73e-01,5.22e-01
k__Bacteria|p__Firmicutes|c__Clostridia|o__Clostridiales|f__Lachnospiraceae|g__Blautia|s__Blautia_producta,-0.00130101147314415,-0.00675608271256916,-0.62541010302152,0.531997479333854,0.973398620625947,-8.53462814557988,9.73e-01,5.32e-01
k__Bacteria|p__Firmicutes|c__Clostridia|o__Clostridiales|f__Lachnospiraceae|g__Blautia|s__Blautia_hydrogenotrophica,-0.00191046698111366,-0.00608687938222113,-0.620188223278031,0.535426533174788,0.973398620625947,-8.53788361455076,9.73e-01,5.35e-01
k__Bacteria|p__Bacteroidetes|c__Bacteroidia|o__Bacteroidales|f__Rikenellaceae|g__Alistipes|s__Alistipes_shahii,-0.00344779576881971,-0.00295873895745041,-0.619590528863838,0.535819732827881,0.973398620625947,-8.53825449617975,9.73e-01,5.36e-01
k__Bacteria|p__Firmicutes|c__Clostridia|o__Clostridiales|f__Lachnospiraceae|g__Blautia|s__Blautia_obeum,0.0139648551025458,0.0161458787953442,0.606279807307855,0.544613958288145,0.973398620625947,-8.54642155605882,9.73e-01,5.45e-01
k__Bacteria|p__Actinobacteria|c__Coriobacteriia|o__Eggerthellales|f__Eggerthellaceae|g__Asaccharobacter|s__Asaccharobacter_celatus,-0.00192120539583543,-0.00433483725388621,-0.606178297371103,0.544681300011398,0.973398620625947,-8.54648315912016,9.73e-01,5.45e-01
k__Bacteria|p__Firmicutes|c__Clostridia|o__Clostridiales|f__Lachnospiraceae|g__Blautia|s__Ruminococcus_gnavus,-0.0109357354660377,0.00462065349316629,-0.602694222191761,0.546995148816077,0.973398620625947,-8.54859128708148,9.73e-01,5.47e-01
k__Bacteria|p__Firmicutes|c__Negativicutes|o__Acidaminococcales|f__Acidaminococcaceae|g__Phascolarctobacterium|s__Phascolarctobacterium_faecium,-0.00186106986524235,-0.0048248870926349,-0.600084620700124,0.548731431974128,0.973398620625947,-8.55016234509692,9.73e-01,5.49e-01
k__Bacteria|p__Firmicutes|c__Clostridia|o__Clostridiales|f__Lachnospiraceae|g__Dorea|s__Dorea_formicigenerans,-0.00278920752892697,-0.00321325281320871,-0.590174151491491,0.555350062816617,0.973398620625947,-8.55606672880401,9.73e-01,5.55e-01
k__Bacteria|p__Firmicutes|c__Clostridia|o__Clostridiales|f__Peptostreptococcaceae|g__Intestinibacter|s__Intestinibacter_bartlettii,-0.000529948572092916,-0.00745183805187658,-0.581440183820949,0.561215218559866,0.973398620625947,-8.56118879429885,9.73e-01,5.61e-01
k__Bacteria|p__Firmicutes|c__Clostridia|o__Clostridiales|f__Ruminococcaceae|g__Ruminococcus|s__Ruminococcus_lactaris,-0.00466783624877666,-0.00393222518809186,-0.574310062053121,0.56602552013899,0.973398620625947,-8.56531373888032,9.73e-01,5.66e-01
k__Bacteria|p__Actinobacteria|c__Coriobacteriia|o__Eggerthellales|f__Eggerthellaceae|g__Gordonibacter|s__Gordonibacter_pamelaeae,-0.00206939472965706,-0.00467841472203506,-0.566837008922527,0.571088390112258,0.973398620625947,-8.56958252510696,9.73e-01,5.71e-01
k__Bacteria|p__Actinobacteria|c__Actinobacteria|o__Actinomycetales|f__Actinomycetaceae|g__Actinomyces|s__Actinomyces_odontolyticus,-0.000164501163759355,-0.00781751191842082,-0.564872034109717,0.572423209417075,0.973398620625947,-8.57069569467603,9.73e-01,5.72e-01
k__Bacteria|p__Firmicutes|c__Clostridia|o__Clostridiales|f__Ruminococcaceae|g__Ruminococcaceae_unclassified|s__Eubacterium_siraeum,-0.0200184948007334,0.0231420028706165,-0.549978583976926,0.582588435295465,0.973398620625947,-8.57900739759465,9.73e-01,5.83e-01
k__Bacteria|p__Firmicutes|c__Clostridia|o__Clostridiales|f__Lachnospiraceae|g__Roseburia|s__Roseburia_faecis,0.015553578268559,0.014940173428607,0.536514347412694,0.591850283310117,0.973398620625947,-8.58633059431604,9.73e-01,5.92e-01
k__Bacteria|p__Bacteroidetes|c__Bacteroidia|o__Bacteroidales|f__Bacteroidaceae|g__Bacteroides|s__Bacteroides_eggerthii,-0.0161229295901717,0.0069422554483485,-0.536464429972285,0.591884746631847,0.973398620625947,-8.58635740711203,9.73e-01,5.92e-01
k__Bacteria|p__Bacteroidetes|c__Bacteroidia|o__Bacteroidales|f__Bacteroidaceae|g__Bacteroides|s__Bacteroides_cellulosilyticus,-0.00916920544086458,0.00362869470453536,-0.530289587032724,0.596155007245252,0.973398620625947,-8.5896549606323,9.73e-01,5.96e-01
k__Bacteria|p__Firmicutes|c__Clostridia|o__Clostridiales|f__Lachnospiraceae|g__Blautia|s__Blautia_sp_CAG_257,-0.0125002388225985,0.00786756390609255,-0.520524305391152,0.602936848611433,0.973398620625947,-8.59479208176355,9.73e-01,6.03e-01
k__Bacteria|p__Firmicutes|c__Erysipelotrichia|o__Erysipelotrichales|f__Erysipelotrichaceae|g__Holdemania|s__Holdemania_filiformis,-0.000216286964226448,-0.00769026601488778,-0.514741086678734,0.606969556315448,0.973398620625947,-8.59778943444823,9.73e-01,6.07e-01
k__Bacteria|p__Firmicutes|c__Firmicutes_unclassified|o__Firmicutes_unclassified|f__Firmicutes_unclassified|g__Firmicutes_unclassified|s__Firmicutes_bacterium_CAG_145,-0.0014428033886644,-0.00655414346235839,-0.511410741250078,0.60929731595546,0.973398620625947,-8.59950032279478,9.73e-01,6.09e-01
k__Bacteria|p__Firmicutes|c__Bacilli|o__Lactobacillales|f__Streptococcaceae|g__Streptococcus|s__Streptococcus_thermophilus,-0.00398139531494352,-0.0037411788744695,-0.50704555939769,0.612354394234273,0.973398620625947,-8.60172603516713,9.73e-01,6.12e-01
k__Bacteria|p__Firmicutes|c__Clostridia|o__Clostridiales|f__Ruminococcaceae|g__Ruminococcaceae_unclassified|s__Ruminococcaceae_bacterium_D16,-0.000725934493910196,-0.00726286712167315,-0.50215636081776,0.615786511137854,0.973398620625947,-8.60419630425113,9.73e-01,6.16e-01
k__Bacteria|p__Firmicutes|c__Clostridia|o__Clostridiales|f__Eubacteriaceae|g__Eubacterium|s__Eubacterium_ventriosum,-0.000321951080164565,-0.00763824048470709,-0.499719433075414,0.617500343567335,0.973398620625947,-8.60541863396955,9.73e-01,6.18e-01
k__Bacteria|p__Bacteroidetes|c__Bacteroidia|o__Bacteroidales|f__Bacteroidaceae|g__Bacteroides|s__Bacteroides_stercoris,0.0373167262403067,0.0721003332783632,0.478749235448461,0.632333808518733,0.973398620625947,-8.61569149960735,9.73e-01,6.32e-01
k__Bacteria|p__Actinobacteria|c__Coriobacteriia|o__Eggerthellales|f__Eggerthellaceae|g__Adlercreutzia|s__Adlercreutzia_equolifaciens,-0.0012311033667111,-0.00485198121405629,-0.469823114737916,0.638693562114563,0.973398620625947,-8.61993074360277,9.73e-01,6.39e-01
k__Bacteria|p__Firmicutes|c__Clostridia|o__Clostridiales|f__Lachnospiraceae|g__Roseburia|s__Roseburia_hominis,-0.00323893064040306,-0.00111766350037737,-0.467308213280748,0.640490249939094,0.973398620625947,-8.62111074220725,9.73e-01,6.40e-01
k__Bacteria|p__Actinobacteria|c__Actinobacteria|o__Bifidobacteriales|f__Bifidobacteriaceae|g__Bifidobacterium|s__Bifidobacterium_longum,-0.0300682893347634,0.049982769229533,-0.457387239459515,0.647598514940932,0.973398620625947,-8.62570397309156,9.73e-01,6.48e-01
k__Bacteria|p__Proteobacteria|c__Gammaproteobacteria|o__Enterobacterales|f__Enterobacteriaceae|g__Klebsiella|s__Klebsiella_pneumoniae,-0.0110644640655549,0.00319849322264086,-0.454582192155995,0.649614195589797,0.973398620625947,-8.62698480163738,9.73e-01,6.50e-01
k__Bacteria|p__Firmicutes|c__Clostridia|o__Clostridiales|f__Lachnospiraceae|g__Lachnoclostridium|s__Clostridium_scindens,-0.000871489333113935,-0.00707564396878721,-0.45188439159909,0.651555240137057,0.973398620625947,-8.62820923291912,9.73e-01,6.52e-01
k__Bacteria|p__Firmicutes|c__Firmicutes_unclassified|o__Firmicutes_unclassified|f__Firmicutes_unclassified|g__Firmicutes_unclassified|s__Firmicutes_bacterium_CAG_94,-0.00375552379716008,-0.00355167618539876,-0.451863848816626,0.651570029606968,0.973398620625947,-8.62821852858739,9.73e-01,6.52e-01
k__Bacteria|p__Firmicutes|c__Clostridia|o__Clostridiales|f__Lachnospiraceae|g__Anaerostipes|s__Anaerostipes_hadrus,-0.00730183100560086,0.0088183719717076,-0.451657221455426,0.651718795541341,0.973398620625947,-8.62831200458148,9.73e-01,6.52e-01
k__Bacteria|p__Proteobacteria|c__Deltaproteobacteria|o__Desulfovibrionales|f__Desulfovibrionaceae|g__Desulfovibrio|s__Desulfovibrio_piger,-0.000952354611914114,-0.00713896753310708,-0.449340120273534,0.653387994952748,0.973398620625947,-8.62935731074111,9.73e-01,6.53e-01
k__Bacteria|p__Bacteroidetes|c__Bacteroidia|o__Bacteroidales|f__Rikenellaceae|g__Alistipes|s__Alistipes_putredinis,-0.0155017191261967,0.0497189704666701,-0.438519608940074,0.661205844512613,0.973398620625947,-8.63416761340966,9.73e-01,6.61e-01
k__Bacteria|p__Firmicutes|c__Clostridia|o__Clostridiales|f__Lachnospiraceae|g__Anaerotignum|s__Anaerotignum_lactatifermentans,-0.00119827819870574,-0.00666993818051873,-0.43724183486709,0.662131513071444,0.973398620625947,-8.63472791902923,9.73e-01,6.62e-01
k__Bacteria|p__Actinobacteria|c__Actinobacteria|o__Actinomycetales|f__Actinomycetaceae|g__Actinomyces|s__Actinomyces_sp_ICM47,-0.000155513683424977,-0.00782560928874081,-0.436207498592877,0.662881205506481,0.973398620625947,-8.63518028035522,9.73e-01,6.63e-01
k__Bacteria|p__Firmicutes|c__Clostridia|o__Clostridiales|f__Lachnospiraceae|g__Lachnoclostridium|s__Clostridium_clostridioforme,-0.00643319969048081,-0.00159259598785181,-0.43545329769596,0.663428068012726,0.973398620625947,-8.6355094511191,9.73e-01,6.63e-01
k__Bacteria|p__Bacteroidetes|c__Bacteroidia|o__Bacteroidales|f__Tannerellaceae|g__Parabacteroides|s__Parabacteroides_goldsteinii,-0.00287304029976089,-0.00454105154596482,-0.433080570840848,0.665149677593819,0.973398620625947,-8.63654131503118,9.73e-01,6.65e-01
k__Bacteria|p__Firmicutes|c__Clostridia|o__Clostridiales|f__Eubacteriaceae|g__Eubacterium|s__Eubacterium_eligens,-0.00395170396290489,0.000278821199189263,-0.428747140800652,0.668298509876891,0.973398620625947,-8.63841132004291,9.73e-01,6.68e-01
k__Bacteria|p__Bacteroidetes|c__Bacteroidia|o__Bacteroidales|f__Bacteroidaceae|g__Bacteroides|s__Bacteroides_xylanisolvens,-0.00442140567642861,-0.00180115545528613,-0.421993844535349,0.673217382967962,0.973398620625947,-8.64128810864078,9.73e-01,6.73e-01
k__Bacteria|p__Actinobacteria|c__Actinobacteria|o__Bifidobacteriales|f__Bifidobacteriaceae|g__Bifidobacterium|s__Bifidobacterium_pseudocatenulatum,-0.0188595010027847,0.0175093605958373,-0.419666707652817,0.674915657997103,0.973398620625947,-8.64226885602268,9.73e-01,6.75e-01
k__Bacteria|p__Firmicutes|c__Clostridia|o__Clostridiales|f__Lachnospiraceae|g__Sellimonas|s__Sellimonas_intestinalis,-0.00281124345770944,-0.00366262729550255,-0.401466829423697,0.688254120540622,0.973398620625947,-8.64975206943206,9.73e-01,6.88e-01
k__Bacteria|p__Firmicutes|c__Negativicutes|o__Veillonellales|f__Veillonellaceae|g__Dialister|s__Dialister_invisus,-0.000557037187837285,-0.00741705042564536,-0.399594200564767,0.68963216952462,0.973398620625947,-8.65050322617796,9.73e-01,6.90e-01
k__Bacteria|p__Bacteroidetes|c__Bacteroidia|o__Bacteroidales|f__Bacteroidaceae|g__Bacteroides|s__Bacteroides_fragilis,-0.00871669576559545,0.00293874446451909,-0.39572845232495,0.69248019915926,0.973398620625947,-8.65204277062695,9.73e-01,6.92e-01
k__Bacteria|p__Firmicutes|c__Erysipelotrichia|o__Erysipelotrichales|f__Erysipelotrichaceae|g__Erysipelatoclostridium|s__Erysipelatoclostridium_ramosum,-0.000781704169670321,-0.00698751872486174,-0.394672482699291,0.69325892931747,0.973398620625947,-8.65246071255582,9.73e-01,6.93e-01
k__Bacteria|p__Proteobacteria|c__Proteobacteria_unclassified|o__Proteobacteria_unclassified|f__Proteobacteria_unclassified|g__Proteobacteria_unclassified|s__Proteobacteria_bacterium_CAG_139,-0.00197482876457068,-0.00499043109422046,-0.392461700692754,0.694890333919868,0.973398620625947,-8.65333210326243,9.73e-01,6.95e-01
k__Bacteria|p__Bacteroidetes|c__Bacteroidia|o__Bacteroidales|f__Bacteroidaceae|g__Bacteroides|s__Bacteroides_faecis,0.00254072124767419,-0.00414346049758969,0.3910119115824,0.695960948853521,0.973398620625947,-8.65390088904252,9.73e-01,6.96e-01
k__Bacteria|p__Firmicutes|c__Firmicutes_unclassified|o__Firmicutes_unclassified|f__Firmicutes_unclassified|g__Firmicutes_unclassified|s__Firmicutes_bacterium_CAG_83,-0.00730565405007094,0.00577942773368716,-0.387589147327453,0.698490941282912,0.973398620625947,-8.65523537254944,9.73e-01,6.98e-01
k__Bacteria|p__Bacteroidetes|c__Bacteroidia|o__Bacteroidales|f__Bacteroidaceae|g__Bacteroides|s__Bacteroides_intestinalis,-0.00758559000503397,0.000626534355560692,-0.386232239224588,0.699494854892511,0.973398620625947,-8.65576116466338,9.73e-01,6.99e-01
k__Bacteria|p__Actinobacteria|c__Actinobacteria|o__Bifidobacteriales|f__Bifidobacteriaceae|g__Bifidobacterium|s__Bifidobacterium_bifidum,-0.0150423331867666,0.0121192081068074,-0.384956221250218,0.700439402654699,0.973398620625947,-8.65625393111569,9.73e-01,7.00e-01
k__Bacteria|p__Firmicutes|c__Clostridia|o__Clostridiales|f__Lachnospiraceae|g__Lachnospiraceae_unclassified|s__Eubacterium_rectale,-0.0182196036129152,0.0429154699464524,-0.381950094692725,0.702666465435193,0.973398620625947,-8.65740838043836,9.73e-01,7.03e-01
k__Bacteria|p__Firmicutes|c__Bacilli|o__Lactobacillales|f__Streptococcaceae|g__Lactococcus|s__Lactococcus_lactis,-0.000398681111279152,-0.00758583247427822,-0.380576282476918,0.70368509665895,0.973398620625947,-8.65793295720479,9.73e-01,7.04e-01
k__Bacteria|p__Firmicutes|c__Clostridia|o__Clostridiales|f__Ruminococcaceae|g__Pseudoflavonifractor|s__Pseudoflavonifractor_sp_An184,-0.000361031970958811,-0.00764478261822462,-0.379849496322107,0.704224197803782,0.973398620625947,-8.65820970935456,9.73e-01,7.04e-01
k__Bacteria|p__Firmicutes|c__Erysipelotrichia|o__Erysipelotrichales|f__Erysipelotrichaceae|g__Absiella|s__Absiella_dolichum,0.000287782833809874,-0.00774843002528184,0.377044735440775,0.706306054095152,0.973398620625947,-8.65927277422553,9.73e-01,7.06e-01
k__Bacteria|p__Firmicutes|c__Negativicutes|o__Veillonellales|f__Veillonellaceae|g__Dialister|s__Dialister_sp_CAG_357,-0.0022601394399291,-0.00572867672089005,-0.376107198296056,0.707002441358115,0.973398620625947,-8.65962636512701,9.73e-01,7.07e-01
k__Bacteria|p__Bacteroidetes|c__Bacteroidia|o__Bacteroidales|f__Prevotellaceae|g__Prevotella|s__Prevotella_copri,-0.0200672539898375,0.0134405369877806,-0.360969038119292,0.718280509083763,0.973398620625947,-8.66521390769977,9.73e-01,7.18e-01
k__Bacteria|p__Firmicutes|c__Clostridia|o__Clostridiales|f__Ruminococcaceae|g__Harryflintia|s__Harryflintia_acetispora,-0.000120838326729546,-0.00785499822382376,-0.360070371737405,0.718951992620689,0.973398620625947,-8.66553839533175,9.73e-01,7.19e-01
k__Bacteria|p__Firmicutes|c__Clostridia|o__Clostridiales|f__Eubacteriaceae|g__Eubacterium|s__Eubacterium_callanderi,-0.000318377540424971,-0.00765265984788606,-0.359847509093182,0.719118549300342,0.973398620625947,-8.66561874077539,9.73e-01,7.19e-01
k__Bacteria|p__Bacteroidetes|c__Bacteroidia|o__Bacteroidales|f__Odoribacteraceae|g__Butyricimonas|s__Butyricimonas_synergistica,-0.000352227131433672,-0.00751484009567222,-0.353665078506769,0.723744305690066,0.973398620625947,-8.6678277827004,9.73e-01,7.24e-01
k__Bacteria|p__Proteobacteria|c__Betaproteobacteria|o__Burkholderiales|f__Oxalobacteraceae|g__Oxalobacter|s__Oxalobacter_formigenes,-0.000187049152056967,-0.00779548331999614,-0.352480948727222,0.724631445672449,0.973398620625947,-8.66824651769185,9.73e-01,7.25e-01
k__Bacteria|p__Firmicutes|c__Firmicutes_unclassified|o__Firmicutes_unclassified|f__Firmicutes_unclassified|g__Firmicutes_unclassified|s__Firmicutes_bacterium_CAG_424,-0.00182194654567129,-0.00620978260767866,-0.35018714533133,0.726350998230613,0.973398620625947,-8.66905366528706,9.73e-01,7.26e-01
k__Bacteria|p__Bacteroidetes|c__Bacteroidia|o__Bacteroidales|f__Prevotellaceae|g__Paraprevotella|s__Paraprevotella_xylaniphila,-0.00188283240960087,-0.00543651312799756,-0.346162403100448,0.729371491790707,0.973398620625947,-8.67045717003641,9.73e-01,7.29e-01
k__Bacteria|p__Proteobacteria|c__Betaproteobacteria|o__Burkholderiales|f__Sutterellaceae|g__Parasutterella|s__Parasutterella_excrementihominis,0.00161515814497713,-0.0040596675156675,0.344388103004477,0.730704413172615,0.973398620625947,-8.67107075237929,9.73e-01,7.31e-01
k__Bacteria|p__Firmicutes|c__Clostridia|o__Clostridiales|f__Lachnospiraceae|g__Coprococcus|s__Coprococcus_eutactus,-0.00347805894014096,-0.00437265167505828,-0.342076915198974,0.732441888411687,0.973398620625947,-8.67186527312679,9.73e-01,7.32e-01
k__Bacteria|p__Actinobacteria|c__Actinobacteria|o__Bifidobacteriales|f__Bifidobacteriaceae|g__Bifidobacterium|s__Bifidobacterium_dentium,-0.0039680695355425,-0.00272692772306184,-0.341934951788147,0.732548656813559,0.973398620625947,-8.67191390179919,9.73e-01,7.33e-01
k__Bacteria|p__Firmicutes|c__Clostridia|o__Clostridiales|f__Clostridiaceae|g__Hungatella|s__Hungatella_hathewayi,0.00111182500705325,-0.00661469991031372,0.339533971995325,0.734355180154238,0.973398620625947,-8.67273328620128,9.73e-01,7.34e-01
k__Bacteria|p__Firmicutes|c__Bacilli|o__Lactobacillales|f__Streptococcaceae|g__Streptococcus|s__Streptococcus_anginosus_group,0.0016420689078759,-0.00724718883791503,0.338317295500923,0.735271184862257,0.973398620625947,-8.67314629924599,9.73e-01,7.35e-01
k__Bacteria|p__Firmicutes|c__Bacilli|o__Lactobacillales|f__Enterococcaceae|g__Enterococcus|s__Enterococcus_avium,-0.000990899740074252,-0.00701929160567916,-0.33758881931658,0.735819816912936,0.973398620625947,-8.67339287851718,9.73e-01,7.36e-01
k__Bacteria|p__Firmicutes|c__Clostridia|o__Clostridiales|f__Clostridiaceae|g__Clostridium|s__Clostridium_sp_CAG_167,-0.000603772847031389,-0.00745008501196766,-0.330882155073476,0.740877077058476,0.973398620625947,-8.67563803279096,9.73e-01,7.41e-01
k__Bacteria|p__Proteobacteria|c__Gammaproteobacteria|o__Enterobacterales|f__Enterobacteriaceae|g__Klebsiella|s__Klebsiella_variicola,-0.00412497556854522,-0.00343554718989432,-0.330177358585337,0.741409196457151,0.973398620625947,-8.67587135903321,9.73e-01,7.41e-01
k__Bacteria|p__Actinobacteria|c__Actinobacteria|o__Actinomycetales|f__Actinomycetaceae|g__Actinomyces|s__Actinomyces_oris,-0.000245278040949281,-0.00749347066762402,-0.329293424767857,0.742076739397171,0.973398620625947,-8.67616328657925,9.73e-01,7.42e-01
k__Bacteria|p__Proteobacteria|c__Betaproteobacteria|o__Burkholderiales|f__Sutterellaceae|g__Turicimonas|s__Turicimonas_muris,-0.000278322082508648,-0.00768012561460072,-0.327786216215062,0.743215425439497,0.973398620625947,-8.67665925250042,9.73e-01,7.43e-01
k__Bacteria|p__Firmicutes|c__Clostridia|o__Clostridiales|f__Lachnospiraceae|g__Lachnoclostridium|s__Clostridium_saccharolyticum,-0.00108813843138003,-0.0068604985698655,-0.325334665220774,0.745068759092933,0.973398620625947,-8.6774611080541,9.73e-01,7.45e-01
k__Bacteria|p__Bacteroidetes|c__Bacteroidia|o__Bacteroidales|f__Barnesiellaceae|g__Coprobacter|s__Coprobacter_sp,-0.000592599816298234,-0.00741068718932479,-0.322190781751717,0.747447651890777,0.973398620625947,-8.67848060647524,9.73e-01,7.47e-01
k__Bacteria|p__Bacteroidetes|c__Bacteroidia|o__Bacteroidales|f__Rikenellaceae|g__Alistipes|s__Alistipes_inops,-0.00306876814970144,-0.00537939130015242,-0.320574043960053,0.748671936019297,0.973398620625947,-8.67900102932103,9.73e-01,7.49e-01
k__Bacteria|p__Firmicutes|c__Bacilli|o__Lactobacillales|f__Streptococcaceae|g__Streptococcus|s__Streptococcus_parasanguinis,0.00280130233946865,-0.00233126915053164,0.320351957882991,0.748840161735024,0.973398620625947,-8.67907231370741,9.73e-01,7.49e-01
k__Bacteria|p__Firmicutes|c__Bacilli|o__Lactobacillales|f__Streptococcaceae|g__Streptococcus|s__Streptococcus_salivarius,-0.00808889667600679,0.0126447271099339,-0.318607720993069,0.75016180225929,0.973398620625947,-8.67963045567345,9.73e-01,7.50e-01
k__Bacteria|p__Firmicutes|c__Clostridia|o__Clostridiales|f__Clostridiales_unclassified|g__Intestinimonas|s__Intestinimonas_butyriciproducens,-0.00135514447139388,-0.00519956528349355,-0.315193759588774,0.752750750753193,0.973398620625947,-8.68071408085423,9.73e-01,7.53e-01
k__Bacteria|p__Firmicutes|c__Erysipelotrichia|o__Erysipelotrichales|f__Erysipelotrichaceae|g__Turicibacter|s__Turicibacter_sanguinis,-0.000631066116487622,-0.00726426355707976,-0.312501248181283,0.754794564868261,0.973398620625947,-8.68156047995302,9.73e-01,7.55e-01
k__Bacteria|p__Firmicutes|c__Clostridia|o__Clostridiales|f__Lachnospiraceae|g__Blautia|s__Blautia_hansenii,-0.000760169672540599,-0.00714240872755853,-0.311933653256667,0.75522563156909,0.973398620625947,-8.68173797880887,9.73e-01,7.55e-01
k__Bacteria|p__Bacteroidetes|c__Bacteroidia|o__Bacteroidales|f__Tannerellaceae|g__Parabacteroides|s__Parabacteroides_johnsonii,-0.000879049530203436,-0.00702973939919647,-0.31008916525968,0.756626977242477,0.973398620625947,-8.68231256172778,9.73e-01,7.57e-01
k__Bacteria|p__Synergistetes|c__Synergistia|o__Synergistales|f__Synergistaceae|g__Cloacibacillus|s__Cloacibacillus_evryensis,-0.00305753006176387,-0.00446547517859988,-0.30939543709292,0.757154243778674,0.973398620625947,-8.68252778593404,9.73e-01,7.57e-01
k__Bacteria|p__Firmicutes|c__Clostridia|o__Clostridiales|f__Clostridiaceae|g__Clostridium|s__Clostridium_sp_CAG_299,-0.000707925063656015,-0.00722708083104803,-0.307541313231817,0.758564022369844,0.973398620625947,-8.68310064971219,9.73e-01,7.59e-01
k__Bacteria|p__Firmicutes|c__Clostridia|o__Clostridiales|f__Lachnospiraceae|g__Coprococcus|s__Coprococcus_comes,0.00316228495330327,0.00225113796559293,0.306563269576019,0.759308000339836,0.973398620625947,-8.68340144660232,9.73e-01,7.59e-01
k__Bacteria|p__Firmicutes|c__Erysipelotrichia|o__Erysipelotrichales|f__Erysipelotrichaceae|g__Candidatus_Stoquefichus|s__Candidatus_Stoquefichus_sp_KLE1796,-0.000248478601713686,-0.00773270131357246,-0.303679915528505,0.761502607645012,0.973398620625947,-8.68428264710431,9.73e-01,7.62e-01
k__Bacteria|p__Synergistetes|c__Synergistia|o__Synergistales|f__Synergistaceae|g__Cloacibacillus|s__Cloacibacillus_porcorum,-0.001414283197421,-0.00687264047742351,-0.303167274641907,0.761892996151413,0.973398620625947,-8.68443844706472,9.73e-01,7.62e-01
k__Bacteria|p__Firmicutes|c__Clostridia|o__Clostridiales|f__Ruminococcaceae|g__Ruminococcaceae_unclassified|s__Clostridium_leptum,-0.00147210935095926,-0.00384039289284554,-0.301991732971467,0.762788429111628,0.973398620625947,-8.68479471993041,9.73e-01,7.63e-01
k__Bacteria|p__Firmicutes|c__Clostridia|o__Clostridiales|f__Clostridiaceae|g__Clostridium|s__Clostridium_sp_CAG_58,-0.00144895076492612,-0.00304277562415771,-0.301041480125019,0.763512488061148,0.973398620625947,-8.68508170295328,9.73e-01,7.64e-01
k__Bacteria|p__Firmicutes|c__Erysipelotrichia|o__Erysipelotrichales|f__Erysipelotrichaceae|g__Holdemanella|s__Holdemanella_biformis,0.00053418253173431,-0.00745956848842696,0.299436078083497,0.764736218654638,0.973398620625947,-8.68556449163237,9.73e-01,7.65e-01
k__Bacteria|p__Bacteroidetes|c__Bacteroidia|o__Bacteroidales|f__Bacteroidaceae|g__Bacteroides|s__Bacteroides_vulgatus,-0.018373920831537,0.0967223425768959,-0.296681339344525,0.766837412433237,0.973398620625947,-8.68638690447938,9.73e-01,7.67e-01
k__Bacteria|p__Proteobacteria|c__Gammaproteobacteria|o__Enterobacterales|f__Enterobacteriaceae|g__Klebsiella|s__Klebsiella_quasipneumoniae,-0.00217482888220605,-0.00572928938353583,-0.295289223188609,0.767899913130171,0.973398620625947,-8.68679962337428,9.73e-01,7.68e-01
k__Bacteria|p__Actinobacteria|c__Coriobacteriia|o__Coriobacteriales|f__Coriobacteriaceae|g__Collinsella|s__Collinsella_stercoris,-0.00464840410471572,-0.00300595573306145,-0.2913491413552,0.770909456330669,0.973398620625947,-8.68795721634648,9.73e-01,7.71e-01
k__Bacteria|p__Firmicutes|c__Clostridia|o__Clostridiales|f__Lachnospiraceae|g__Roseburia|s__Roseburia_sp_CAG_471,-0.00118487988341815,-0.00694930604135637,-0.288120610044269,0.77337808114707,0.973398620625947,-8.68889416940434,9.73e-01,7.73e-01
k__Bacteria|p__Firmicutes|c__Clostridia|o__Clostridiales|f__Eubacteriaceae|g__Eubacterium|s__Eubacterium_sp_CAG_180,-0.0061321731584793,0.00322314561096431,-0.287353382714535,0.773965063869678,0.973398620625947,-8.68911529186886,9.73e-01,7.74e-01
k__Bacteria|p__Firmicutes|c__Erysipelotrichia|o__Erysipelotrichales|f__Erysipelotrichaceae|g__Catenibacterium|s__Catenibacterium_mitsuokai,-0.000467828847725253,-0.0075441150814897,-0.286201357940764,0.774846687058747,0.973398620625947,-8.68944620979061,9.73e-01,7.75e-01
k__Bacteria|p__Firmicutes|c__Bacilli|o__Lactobacillales|f__Lactobacillaceae|g__Lactobacillus|s__Lactobacillus_salivarius,-0.00400153228231362,-0.00481670491170489,-0.285323618892949,0.77551860003783,0.973398620625947,-8.68969744745809,9.73e-01,7.76e-01
k__Bacteria|p__Actinobacteria|c__Actinobacteria|o__Bifidobacteriales|f__Bifidobacteriaceae|g__Bifidobacterium|s__Bifidobacterium_animalis,-0.00253709384917483,-0.00578665558340045,-0.28129757124412,0.778602709814185,0.973398620625947,-8.69083994978511,9.73e-01,7.79e-01
k__Bacteria|p__Firmicutes|c__Clostridia|o__Clostridiales|f__Eubacteriaceae|g__Eubacterium|s__Eubacterium_dolichum_CAG_375,0.000225712121204858,-0.00773166368320854,0.279450846798758,0.780018547067817,0.973398620625947,-8.69135857904861,9.73e-01,7.80e-01
k__Bacteria|p__Firmicutes|c__Clostridia|o__Clostridiales|f__Lachnospiraceae|g__Lachnoclostridium|s__Clostridium_symbiosum,0.00122111336592364,-0.00553572430955928,0.278798174948225,0.780519109542994,0.973398620625947,-8.69154105697855,9.73e-01,7.81e-01
k__Bacteria|p__Firmicutes|c__Bacilli|o__Lactobacillales|f__Lactobacillaceae|g__Lactobacillus|s__Lactobacillus_reuteri,-0.00332352375487062,-0.00488611994655399,-0.274390016179257,0.783902298489474,0.973398620625947,-8.69276234720771,9.73e-01,7.84e-01
k__Bacteria|p__Firmicutes|c__Negativicutes|o__Veillonellales|f__Veillonellaceae|g__Megasphaera|s__Megasphaera_sp_MJR8396C,-0.00277248184926442,-0.00404946568305751,-0.271502871893319,0.786120361151117,0.973398620625947,-8.69355169152116,9.73e-01,7.86e-01
k__Bacteria|p__Firmicutes|c__Bacilli|o__Lactobacillales|f__Enterococcaceae|g__Enterococcus|s__Enterococcus_faecium,-0.000726491211907378,-0.00732867304056936,-0.26944489215913,0.787702478936204,0.973398620625947,-8.69410924713577,9.73e-01,7.88e-01
k__Bacteria|p__Firmicutes|c__Clostridia|o__Clostridiales|f__Lachnospiraceae|g__Blautia|s__Blautia_wexlerae,-0.009734384280571,0.0214338090337105,-0.267051960271234,0.789543203760358,0.973398620625947,-8.69475221662305,9.73e-01,7.90e-01
k__Bacteria|p__Firmicutes|c__Erysipelotrichia|o__Erysipelotrichales|f__Erysipelotrichaceae|g__Dielma|s__Dielma_fastidiosa,-0.000127633745617173,-0.00783174967730981,-0.265720558879407,0.790567874201623,0.973398620625947,-8.69510747519599,9.73e-01,7.91e-01
k__Bacteria|p__Firmicutes|c__Clostridia|o__Clostridiales|f__Clostridiaceae|g__Clostridium|s__Clostridium_disporicum,-0.000164371153681033,-0.00779686053652856,-0.264976787423891,0.791140452342959,0.973398620625947,-8.69530516335843,9.73e-01,7.91e-01
k__Bacteria|p__Firmicutes|c__Clostridia|o__Clostridiales|f__Clostridiales_unclassified|g__Clostridiales_unclassified|s__Clostridiales_bacterium_1_7_47FAA,0.000183798840608906,-0.00776447508381324,0.263440883518174,0.792323195914947,0.973398620625947,-8.69571164053151,9.73e-01,7.92e-01
k__Bacteria|p__Firmicutes|c__Clostridia|o__Clostridiales|f__Clostridiales_unclassified|g__Lawsonibacter|s__Lawsonibacter_asaccharolyticus,0.000988326889938125,-0.00495834975271778,0.261999667992335,0.793433459611474,0.973398620625947,-8.69609091011,9.73e-01,7.93e-01
k__Bacteria|p__Actinobacteria|c__Actinobacteria|o__Bifidobacteriales|f__Bifidobacteriaceae|g__Bifidobacterium|s__Bifidobacterium_breve,-0.00422096703080837,-0.00266338065421973,-0.256216876271181,0.797892529785146,0.973398620625947,-8.69759179022406,9.73e-01,7.98e-01
k__Bacteria|p__Firmicutes|c__Bacilli|o__Lactobacillales|f__Lactobacillaceae|g__Lactobacillus|s__Lactobacillus_rhamnosus,-0.000621843625432215,-0.00712385624149464,-0.254945062363712,0.798874110121555,0.973398620625947,-8.69791738760138,9.73e-01,7.99e-01
k__Bacteria|p__Firmicutes|c__Erysipelotrichia|o__Erysipelotrichales|f__Erysipelotrichaceae|g__Erysipelatoclostridium|s__Clostridium_spiroforme,-6.21944463722764e-05,-0.00791789073738087,-0.248896519704504,0.803546688309586,0.973398620625947,-8.69944370634721,9.73e-01,8.04e-01
k__Bacteria|p__Firmicutes|c__Negativicutes|o__Veillonellales|f__Veillonellaceae|g__Veillonella|s__Veillonella_parvula,-0.000778462102288496,-0.00723884592668702,-0.24223278593492,0.808702669262463,0.973398620625947,-8.70108284923487,9.73e-01,8.09e-01
k__Bacteria|p__Firmicutes|c__Bacilli|o__Lactobacillales|f__Lactobacillaceae|g__Lactobacillus|s__Lactobacillus_plantarum,-0.000190745603080031,-0.00779380624885791,-0.235735144690223,0.813738176095537,0.973398620625947,-8.70263831581191,9.73e-01,8.14e-01
k__Bacteria|p__Firmicutes|c__Clostridia|o__Clostridiales|f__Lachnospiraceae|g__Murimonas|s__Murimonas_intestini,-8.30241452090605e-05,-0.00790233210651198,-0.234013377798447,0.815073806161833,0.973398620625947,-8.70304340227697,9.73e-01,8.15e-01
k__Bacteria|p__Bacteroidetes|c__Bacteroidia|o__Bacteroidales|f__Odoribacteraceae|g__Butyricimonas|s__Butyricimonas_virosa,-0.000345917764746332,-0.007027932919071,-0.232006985872546,0.816630909187633,0.973398620625947,-8.70351170793822,9.73e-01,8.17e-01
k__Bacteria|p__Firmicutes|c__Bacilli|o__Lactobacillales|f__Streptococcaceae|g__Streptococcus|s__Streptococcus_lutetiensis,-0.00262745766119781,-0.00536853648143697,-0.229764862506092,0.818371815774551,0.973398620625947,-8.70403026503954,9.73e-01,8.18e-01
k__Bacteria|p__Firmicutes|c__Clostridia|o__Clostridiales|f__Ruminococcaceae|g__Ruminococcus|s__Ruminococcus_bromii,0.0106423432533786,0.0414135083196087,0.226385380077652,0.820997525584487,0.973398620625947,-8.70480235675169,9.73e-01,8.21e-01
k__Bacteria|p__Firmicutes|c__Clostridia|o__Clostridiales|f__Lachnospiraceae|g__Lachnoclostridium|s__Clostridium_aldenense,-8.5594497781675e-05,-0.0078640697595739,-0.223855454656547,0.822964486287111,0.973398620625947,-8.70537286850209,9.73e-01,8.23e-01
k__Bacteria|p__Firmicutes|c__Bacilli|o__Lactobacillales|f__Lactobacillaceae|g__Pediococcus|s__Pediococcus_acidilactici,-0.00149085980648785,-0.00647429466176679,-0.222308429680222,0.82416781462817,0.973398620625947,-8.7057185726215,9.73e-01,8.24e-01
k__Bacteria|p__Firmicutes|c__Clostridia|o__Clostridiales|f__Lachnospiraceae|g__Lachnospira|s__Lachnospira_pectinoschiza,-0.00179135801163117,-0.00239395887384233,-0.220561601290415,0.825527055214578,0.973398620625947,-8.70610604434057,9.73e-01,8.26e-01
k__Bacteria|p__Firmicutes|c__Firmicutes_unclassified|o__Firmicutes_unclassified|f__Firmicutes_unclassified|g__Firmicutes_unclassified|s__Firmicutes_bacterium_CAG_110,-0.001647025339546,-0.00550047651107599,-0.2203611702548,0.825683048076162,0.973398620625947,-8.70615030739327,9.73e-01,8.26e-01
k__Bacteria|p__Actinobacteria|c__Actinobacteria|o__Bifidobacteriales|f__Bifidobacteriaceae|g__Bifidobacterium|s__Bifidobacterium_pullorum,-0.00177415003913313,-0.00612672184814045,-0.219303695593373,0.826506180970785,0.973398620625947,-8.70638317326499,9.73e-01,8.27e-01
k__Bacteria|p__Bacteroidetes|c__Bacteroidia|o__Bacteroidales|f__Bacteroidaceae|g__Bacteroides|s__Bacteroides_nordii,-0.000122510857865424,-0.0078568427392536,-0.217991824719336,0.82752760033761,0.973398620625947,-8.70667050308308,9.73e-01,8.28e-01
k__Bacteria|p__Actinobacteria|c__Coriobacteriia|o__Coriobacteriales|f__Coriobacteriaceae|g__Enorma|s__Enorma_massiliensis,-0.00107016476460179,-0.00691935893398211,-0.215373876782621,0.829566801292937,0.973398620625947,-8.70723874189003,9.73e-01,8.30e-01
k__Bacteria|p__Actinobacteria|c__Coriobacteriia|o__Coriobacteriales|f__Coriobacteriaceae|g__Collinsella|s__Collinsella_intestinalis,-0.00371660406310587,-0.000160834253514917,-0.214594748969776,0.830173911261083,0.973398620625947,-8.70740653011661,9.73e-01,8.30e-01
k__Bacteria|p__Firmicutes|c__Clostridia|o__Clostridiales|f__Ruminococcaceae|g__Faecalibacterium|s__Faecalibacterium_prausnitzii,-0.0107323152589314,0.0701293932694977,-0.204012808730138,0.838429469204149,0.973398620625947,-8.70962518893559,9.73e-01,8.38e-01
k__Bacteria|p__Bacteroidetes|c__Bacteroidia|o__Bacteroidales|f__Odoribacteraceae|g__Odoribacter|s__Odoribacter_laneus,-0.00190348061464998,-0.00578497521629871,-0.203565996753503,0.838778451584138,0.973398620625947,-8.70971640191161,9.73e-01,8.39e-01
k__Bacteria|p__Bacteroidetes|c__Bacteroidia|o__Bacteroidales|f__Bacteroidaceae|g__Bacteroides|s__Bacteroides_coprocola,-0.00103064965454219,-0.00640359053045978,-0.197306735166096,0.843670559412011,0.973398620625947,-8.71097315816936,9.73e-01,8.44e-01
k__Bacteria|p__Firmicutes|c__Bacilli|o__Lactobacillales|f__Streptococcaceae|g__Streptococcus|s__Streptococcus_sanguinis,-5.03419211410536e-05,-0.00791439613024067,-0.189899936722081,0.849467368529008,0.973398620625947,-8.71240963033949,9.73e-01,8.49e-01
k__Bacteria|p__Actinobacteria|c__Coriobacteriia|o__Eggerthellales|f__Eggerthellaceae|g__Eggerthella|s__Eggerthella_lenta,-0.0019531208447471,0.000239457976667395,-0.188171168606604,0.850821548580577,0.973398620625947,-8.71273699792355,9.73e-01,8.51e-01
k__Bacteria|p__Bacteroidetes|c__Bacteroidia|o__Bacteroidales|f__Rikenellaceae|g__Alistipes|s__Alistipes_finegoldii,-0.00627085265170203,0.0168507774181825,-0.186403407670103,0.852206729011371,0.973398620625947,-8.71306865392766,9.73e-01,8.52e-01
k__Bacteria|p__Actinobacteria|c__Actinobacteria|o__Bifidobacteriales|f__Bifidobacteriaceae|g__Alloscardovia|s__Alloscardovia_omnicolens,-0.000149839448014448,-0.00783426004990766,-0.185406968328655,0.852987719858449,0.973398620625947,-8.71325422012585,9.73e-01,8.53e-01
k__Bacteria|p__Firmicutes|c__Bacilli|o__Lactobacillales|f__Streptococcaceae|g__Streptococcus|s__Streptococcus_vestibularis,-0.00203148186263622,-0.00523531368172383,-0.182489930984904,0.855274868555164,0.973398620625947,-8.71379174091416,9.73e-01,8.55e-01
k__Bacteria|p__Bacteroidetes|c__Bacteroidia|o__Bacteroidales|f__Rikenellaceae|g__Alistipes|s__Alistipes_onderdonkii,-0.000881024748257446,-0.00708766095330404,-0.179986262702187,0.857238882639232,0.973398620625947,-8.71424629369173,9.73e-01,8.57e-01
k__Bacteria|p__Firmicutes|c__Bacilli|o__Lactobacillales|f__Lactobacillaceae|g__Lactobacillus|s__Lactobacillus_paragasseri,-0.000582411510910327,-0.00725320849924391,-0.178957359565567,0.858046268274153,0.973398620625947,-8.71443127563878,9.73e-01,8.58e-01
k__Bacteria|p__Firmicutes|c__Clostridia|o__Clostridiales|f__Christensenellaceae|g__Christensenella|s__Christensenella_minuta,-0.000126836934640336,-0.0078342097570738,-0.178898770946888,0.85809224755842,0.973398620625947,-8.71444177711882,9.73e-01,8.58e-01
k__Bacteria|p__Firmicutes|c__Bacilli|o__Lactobacillales|f__Enterococcaceae|g__Enterococcus|s__Enterococcus_gallinarum,-0.000102535356202801,-0.00786742104525884,-0.178670726887002,0.858271216992814,0.973398620625947,-8.71448261921883,9.73e-01,8.58e-01
k__Bacteria|p__Bacteroidetes|c__Bacteroidia|o__Bacteroidales|f__Bacteroidaceae|g__Bacteroides|s__Bacteroides_faecis_CAG_32,-0.000845947414551262,-0.00587244194249755,-0.175380272409914,0.860854381095819,0.973398620625947,-8.71506613298717,9.73e-01,8.61e-01
k__Bacteria|p__Bacteroidetes|c__Bacteroidia|o__Bacteroidales|f__Bacteroidaceae|g__Bacteroides|s__Bacteroides_galacturonicus,-6.72285914858636e-05,-0.00789357735700831,-0.173628077876924,0.862230548970987,0.973398620625947,-8.71537243393082,9.73e-01,8.62e-01
k__Bacteria|p__Firmicutes|c__Clostridia|o__Clostridiales|f__Lachnospiraceae|g__Coprococcus|s__Coprococcus_catus,0.000760623344291343,-0.00437673349875578,0.173148662531134,0.862607153499187,0.973398620625947,-8.71545570467332,9.73e-01,8.63e-01
k__Bacteria|p__Firmicutes|c__Erysipelotrichia|o__Erysipelotrichales|f__Erysipelotrichaceae|g__Erysipelatoclostridium|s__Clostridium_innocuum,0.00140672025187416,-0.0036657728881864,0.168091417817343,0.86658176184756,0.973398620625947,-8.71632008605096,9.73e-01,8.67e-01
k__Bacteria|p__Proteobacteria|c__Gammaproteobacteria|o__Pasteurellales|f__Pasteurellaceae|g__Haemophilus|s__Haemophilus_parainfluenzae,-5.78277564626852e-05,-0.00791781216001105,-0.161225516123223,0.871983238160133,0.973398620625947,-8.7174526033255,9.73e-01,8.72e-01
k__Bacteria|p__Actinobacteria|c__Actinobacteria|o__Actinomycetales|f__Actinomycetaceae|g__Actinomyces|s__Actinomyces_naeslundii,-3.58422726758007e-05,-0.00793756808715871,-0.159569990295819,0.873286563946023,0.973398620625947,-8.71771861376691,9.73e-01,8.73e-01
k__Bacteria|p__Actinobacteria|c__Actinobacteria|o__Actinomycetales|f__Actinomycetaceae|g__Actinomyces|s__Actinomyces_sp_HMSC035G02,-5.04394898656432e-05,-0.00791553135198567,-0.157813196782891,0.874669990787368,0.973398620625947,-8.71799789359789,9.73e-01,8.75e-01
k__Bacteria|p__Firmicutes|c__Clostridia|o__Clostridiales|f__Lachnospiraceae|g__Anaerostipes|s__Anaerostipes_caccae,-0.000520171014762829,-0.00741098235597466,-0.15596246548258,0.876127806742085,0.973398620625947,-8.71828876302397,9.73e-01,8.76e-01
k__Bacteria|p__Firmicutes|c__Bacilli|o__Lactobacillales|f__Lactobacillaceae|g__Lactobacillus|s__Lactobacillus_gasseri,-0.000275365685834579,-0.00759948923141695,-0.155442337319058,0.876537586387537,0.973398620625947,-8.71836989115296,9.73e-01,8.77e-01
k__Bacteria|p__Actinobacteria|c__Actinobacteria|o__Actinomycetales|f__Actinomycetaceae|g__Actinomyces|s__Actinomyces_graevenitzii,-9.09882967527611e-05,-0.00785599601498757,-0.155369742954199,0.876594782035997,0.973398620625947,-8.71838119266793,9.73e-01,8.77e-01
k__Bacteria|p__Firmicutes|c__Negativicutes|o__Veillonellales|f__Veillonellaceae|g__Veillonella|s__Veillonella_dispar,-0.000217642059407837,-0.00777022211733907,-0.154713016315484,0.877112233161773,0.973398620625947,-8.71848319220976,9.73e-01,8.77e-01
k__Bacteria|p__Firmicutes|c__Clostridia|o__Clostridiales|f__Ruminococcaceae|g__Ruminococcaceae_unclassified|s__Clostridium_methylpentosum,-9.87765770752807e-05,-0.00788102494321398,-0.147799892020469,0.882562408582975,0.973398620625947,-8.71953069521341,9.73e-01,8.83e-01
k__Bacteria|p__Firmicutes|c__Clostridia|o__Clostridiales|f__Lachnospiraceae|g__Lachnoclostridium|s__Clostridium_bolteae,-0.000864816333387146,-0.00496103357524824,-0.142873766903778,0.886449493173947,0.973398620625947,-8.7202479107708,9.73e-01,8.86e-01
k__Bacteria|p__Firmicutes|c__Clostridia|o__Clostridiales|f__Lachnospiraceae|g__Roseburia|s__Roseburia_intestinalis,0.00166133502485082,0.00160393755517718,0.141393334860829,0.88761820593806,0.973398620625947,-8.72045870295194,9.73e-01,8.88e-01
k__Bacteria|p__Actinobacteria|c__Coriobacteriia|o__Coriobacteriales|f__Coriobacteriaceae|g__Enorma|s__Collinsella_massiliensis,-0.000492151370168233,-0.00745639831990824,-0.141300783915645,0.88769127755544,0.973398620625947,-8.72047180795883,9.73e-01,8.88e-01
k__Bacteria|p__Bacteroidetes|c__Bacteroidia|o__Bacteroidales|f__Bacteroidaceae|g__Bacteroides|s__Bacteroides_plebeius,0.00288517774978897,-0.0005217139987642,0.139862841061279,0.888826697178747,0.973398620625947,-8.72067431520838,9.73e-01,8.89e-01
k__Bacteria|p__Firmicutes|c__Clostridia|o__Clostridiales|f__Ruminococcaceae|g__Anaeromassilibacillus|s__Anaeromassilibacillus_sp_An250,0.000285479115599754,-0.00732527906795061,0.139176620005416,0.889368627645684,0.973398620625947,-8.72077022650156,9.73e-01,8.89e-01
k__Bacteria|p__Firmicutes|c__Erysipelotrichia|o__Erysipelotrichales|f__Erysipelotrichaceae|g__Faecalitalea|s__Faecalitalea_cylindroides,0.000756565162741372,-0.00595469901827128,0.135158089722313,0.892543221100251,0.973398620625947,-8.72132241666939,9.73e-01,8.93e-01
k__Bacteria|p__Firmicutes|c__Bacilli|o__Lactobacillales|f__Lactobacillaceae|g__Lactobacillus|s__Lactobacillus_animalis,-0.00277899837574839,-0.00379398228091134,-0.130937062789759,0.895879644740145,0.973398620625947,-8.72188501281462,9.73e-01,8.96e-01
k__Bacteria|p__Actinobacteria|c__Actinobacteria|o__Actinomycetales|f__Actinomycetaceae|g__Actinomyces|s__Actinomyces_sp_HPA0247,-0.0001296707489927,-0.00773921849081393,-0.12870910414324,0.897641437637912,0.973398620625947,-8.72217476817081,9.73e-01,8.98e-01
k__Bacteria|p__Firmicutes|c__Clostridia|o__Clostridiales|f__Eubacteriaceae|g__Eubacterium|s__Eubacterium_sp_CAG_38,-0.00057566802181605,-0.00527965610885622,-0.123541584931674,0.901729668145955,0.973398620625947,-8.72282768481464,9.73e-01,9.02e-01
k__Bacteria|p__Firmicutes|c__Negativicutes|o__Acidaminococcales|f__Acidaminococcaceae|g__Acidaminococcus|s__Acidaminococcus_intestini,0.00245103095422581,0.00783642221994423,0.121476589028889,0.903364106369974,0.973398620625947,-8.72308111689328,9.73e-01,9.03e-01
k__Bacteria|p__Firmicutes|c__Clostridia|o__Clostridiales|f__Lachnospiraceae|g__Lachnoclostridium|s__Lachnoclostridium_sp_An138,2.78473233608801e-05,-0.00793238169237139,0.120612063293792,0.904048498378249,0.973398620625947,-8.72318594959364,9.73e-01,9.04e-01
k__Bacteria|p__Firmicutes|c__Clostridia|o__Clostridiales|f__Lachnospiraceae|g__Tyzzerella|s__Tyzzerella_nexilis,-0.000102142315416811,-0.00785388841479701,-0.119138169483276,0.90521545433562,0.973398620625947,-8.72336294822164,9.73e-01,9.05e-01
k__Bacteria|p__Firmicutes|c__Clostridia|o__Clostridiales|f__Eubacteriaceae|g__Anaerofustis|s__Anaerofustis_stercorihominis,-3.6270981252449e-05,-0.00794209616335752,-0.115080859605664,0.908428884034601,0.973398620625947,-8.72383894674859,9.73e-01,9.08e-01
k__Bacteria|p__Firmicutes|c__Clostridia|o__Clostridiales|f__Catabacteriaceae|g__Catabacter|s__Catabacter_hongkongensis,2.80944551151263e-05,-0.0079218806597414,0.114413619881426,0.90895748990537,0.973398620625947,-8.72391564754751,9.73e-01,9.09e-01
k__Bacteria|p__Firmicutes|c__Clostridia|o__Clostridiales|f__Lachnospiraceae|g__Blautia|s__Blautia_sp_N6H1_15,-0.000475583196163214,-0.00701016761749264,-0.112867909861614,0.910182199335434,0.973398620625947,-8.72409161734875,9.73e-01,9.10e-01
k__Bacteria|p__Proteobacteria|c__Gammaproteobacteria|o__Enterobacterales|f__Enterobacteriaceae|g__Escherichia|s__Escherichia_coli,-0.00472075183240787,0.0133876397731105,-0.111005814948255,0.91165787347995,0.973398620625947,-8.72430042733369,9.73e-01,9.12e-01
k__Bacteria|p__Firmicutes|c__Clostridia|o__Clostridiales|f__Eubacteriaceae|g__Eubacterium|s__Eubacterium_limosum,-0.000139723359214078,-0.00766741916052784,-0.10785725432582,0.914153739536542,0.973398620625947,-8.72464559600102,9.73e-01,9.14e-01
k__Bacteria|p__Firmicutes|c__Bacilli|o__Lactobacillales|f__Streptococcaceae|g__Streptococcus|s__Streptococcus_mitis,-2.88945051641926e-05,-0.0079396287892264,-0.107767228643356,0.914225115561807,0.973398620625947,-8.72465531925502,9.73e-01,9.14e-01
k__Bacteria|p__Firmicutes|c__Clostridia|o__Clostridiales|f__Lachnospiraceae|g__Blautia|s__Blautia_coccoides,-0.00097730929277579,-0.00592963255570664,-0.106612198447786,0.915140931874579,0.973398620625947,-8.72477934838681,9.73e-01,9.15e-01
k__Bacteria|p__Firmicutes|c__Clostridia|o__Clostridiales|f__Ruminococcaceae|g__Gemmiger|s__Gemmiger_formicilis,-0.000252596713567221,-0.00596608055940502,-0.105258048254846,0.916214773030594,0.973398620625947,-8.72492305749966,9.73e-01,9.16e-01
k__Bacteria|p__Firmicutes|c__Bacilli|o__Lactobacillales|f__Streptococcaceae|g__Streptococcus|s__Streptococcus_oralis,-5.3995155618997e-05,-0.00788733534283475,-0.104026191861321,0.917191768481733,0.973398620625947,-8.72505219261442,9.73e-01,9.17e-01
k__Bacteria|p__Firmicutes|c__Bacilli|o__Bacillales|f__Bacillales_unclassified|g__Gemella|s__Gemella_sanguinis,-2.20268912294e-05,-0.00795045281525215,-0.10352974897091,0.91758553697855,0.973398620625947,-8.72510380481447,9.73e-01,9.18e-01
k__Bacteria|p__Firmicutes|c__Clostridia|o__Clostridiales|f__Eubacteriaceae|g__Eubacterium|s__Eubacterium_ramulus,0.00030723366864181,-0.00609925317476961,0.101889826336985,0.918886434187679,0.973398620625947,-8.72527254296807,9.73e-01,9.19e-01
k__Bacteria|p__Actinobacteria|c__Actinobacteria|o__Actinomycetales|f__Actinomycetaceae|g__Actinomyces|s__Actinomyces_sp_oral_taxon_448,-2.3357536756463e-05,-0.00794681435640714,-0.0973307778726503,0.922504112578362,0.973398620625947,-8.72572748611536,9.73e-01,9.23e-01
k__Bacteria|p__Firmicutes|c__Clostridia|o__Clostridiales|f__Ruminococcaceae|g__Ruminococcaceae_unclassified|s__Ruminococcaceae_bacterium_D5,0.000234045857819996,-0.0067154494710133,0.0969992517355204,0.922767247561852,0.973398620625947,-8.72575975669698,9.73e-01,9.23e-01
k__Bacteria|p__Firmicutes|c__Firmicutes_unclassified|o__Firmicutes_unclassified|f__Firmicutes_unclassified|g__Firmicutes_unclassified|s__Firmicutes_bacterium_CAG_95,-7.10931547711839e-05,-0.00781949699932088,-0.0858113445597793,0.931651967726308,0.973398620625947,-8.72678422911997,9.73e-01,9.32e-01
k__Bacteria|p__Firmicutes|c__Clostridia|o__Clostridiales|f__Lachnospiraceae|g__Lachnoclostridium|s__Clostridium_asparagiforme,7.25386394993413e-05,-0.00744106184648746,0.0825592870220267,0.934236196971444,0.973398620625947,-8.72705849752512,9.73e-01,9.34e-01
k__Archaea|p__Euryarchaeota|c__Thermoplasmata|o__Methanomassiliicoccales|f__Methanomassiliicoccaceae|g__Methanomassiliicoccus|s__Candidatus_Methanomassiliicoccus_intestinalis,0.00019779043292844,-0.00700236199300279,0.0793296171231797,0.936803324256853,0.973398620625947,-8.727320392352,9.73e-01,9.37e-01
k__Bacteria|p__Firmicutes|c__Negativicutes|o__Veillonellales|f__Veillonellaceae|g__Veillonella|s__Veillonella_atypica,-0.000420776236067491,-0.00735162733747298,-0.0696562084183605,0.944496143191908,0.973398620625947,-8.72804229240504,9.73e-01,9.44e-01
k__Bacteria|p__Firmicutes|c__Clostridia|o__Clostridiales|f__Lachnospiraceae|g__Fusicatenibacter|s__Fusicatenibacter_saccharivorans,0.00144624235042688,0.0205576543724616,0.0663220391994829,0.947148895719691,0.973398620625947,-8.7282693889438,9.73e-01,9.47e-01
k__Bacteria|p__Firmicutes|c__Clostridia|o__Clostridiales|f__Clostridiaceae|g__Lactonifactor|s__Lactonifactor_longoviformis,-1.31809696067934e-05,-0.00795845013235195,-0.0646369018160703,0.948489860734479,0.973398620625947,-8.7283799301523,9.73e-01,9.48e-01
k__Bacteria|p__Actinobacteria|c__Actinobacteria|o__Micrococcales|f__Micrococcaceae|g__Rothia|s__Rothia_mucilaginosa,-5.26827648490444e-05,-0.00778704686343238,-0.0645482359242503,0.948560421595892,0.973398620625947,-8.72838566765604,9.73e-01,9.49e-01
k__Bacteria|p__Firmicutes|c__Bacilli|o__Lactobacillales|f__Streptococcaceae|g__Streptococcus|s__Streptococcus_gordonii,-3.91282227113455e-05,-0.00772488483844022,-0.0599279994595155,0.952237781047122,0.973398620625947,-8.72867374211665,9.73e-01,9.52e-01
k__Bacteria|p__Actinobacteria|c__Coriobacteriia|o__Eggerthellales|f__Eggerthellaceae|g__Enterorhabdus|s__Enterorhabdus_caecimuris,-6.49320682210049e-06,-0.00794256320088107,-0.0318441009645912,0.974609538881965,0.991165100621395,-8.72996473424335,9.91e-01,9.75e-01
k__Bacteria|p__Firmicutes|c__Clostridia|o__Clostridiales|f__Lachnospiraceae|g__Lachnoclostridium|s__Clostridium_citroniae,-2.90441469800489e-05,-0.00741200912139266,-0.0272935759382323,0.978236860178507,0.991165100621395,-8.7300995319723,9.91e-01,9.78e-01
k__Bacteria|p__Firmicutes|c__Bacilli|o__Lactobacillales|f__Streptococcaceae|g__Streptococcus|s__Streptococcus_mutans,3.17580030982136e-05,-0.00689898022884158,0.0149868531672452,0.988048860834852,0.996715956105333,-8.73036017071205,9.97e-01,9.88e-01
k__Bacteria|p__Bacteroidetes|c__Bacteroidia|o__Bacteroidales|f__Bacteroidaceae|g__Bacteroides|s__Bacteroides_finegoldii,4.47124553936011e-05,-0.00366988701283796,0.00535902809130122,0.995726348613737,0.998103345972363,-8.73045829176102,9.98e-01,9.96e-01
k__Bacteria|p__Firmicutes|c__Clostridia|o__Clostridiales|f__Lachnospiraceae|g__Blautia|s__Ruminococcus_torques,-4.24388839696064e-05,0.00799267406702667,-0.00237833696413039,0.998103345972363,0.998103345972363,-8.73046984403939,9.98e-01,9.98e-01
